nome_empresa,categoria_principal,subcategoria1,subcategoria2,coluna_origem
-,,,,empresas2
123 Projetei,,,,empresa1
180Seguros,,,,empresa3
1COMODO,,,,empresa4
1M2,,,,empresa1
2Share Multipropriedades,,,,empresa3
2lar.com,,,,empresa3
2u,,,,empresa4
3 blocks,,,,empresa3
333OBRA - O mercado da Construção,,,,empresas2
360 suites,,,,empresa4
36Zero,,,,empresa3
3D Pictures - visualizando o futuro,,,,empresa3
3D explora,,,,empresa3
4D imobi,,,,empresa4
4VANTS - vision analytics,,,,empresas2
4student,,,,empresa4
535homes,,,,empresa4
6P BANK,,,,empresa4
7Dtech - imobcare,,,,empresa4
7cantos.com,,,,empresa3
99Leads,,,,empresa3
99contratos,,,,empresa3
99web,,,,empresa3
ABRIGAR - LIcitações de imóveis particulares,,,,empresa3
AGILEAN - Aplicativo de Gestão Integrada Lean,,,,empresas2
AGREGA - desenvolvimento imobiliário,,,,empresa1
ALLIANCE CONSÓRCIOS,,,,empresa1
ALMOB - Gestão para Almoxarifado,,,,empresas2
ALMOX,,,,empresas2
ALTAVE,,,,empresas2
ALÔ SERRALHEIRO,,,,empresas2
AMERA,,,,empresas2
ANFITRIÃO PRIME,,,,empresa4
ANUVA,,,,empresa3
APPROVA,,,,empresa3
APPTOHOME,,,,empresa4
APROVA DIGITAL,,,,empresa1
APROVA LEGAL,,,,empresa1
ARATAU Construção Modular,,,,empresas2
ARCHA (studio/archa),,,,empresa4
ARQUILEGO,,,,empresa1
ARQUIS,,,,empresas2
ARQUITETO DE BOLSO,,,,empresa4
ASSINO - crédito imobiliário,,,,empresa3
ATT,,,,empresa3
AXT PropTech,,,,empresa3
AYRTON,,,,empresa4
AZURITTA,,,,empresa4
Acelérion,,,,empresa3
Achei4u,,,,empresas2
Administramos imóveis,,,,empresa4
Alice Wonders - Tech Driven Experiences,,,,empresa3
Allexo - tecnologia,,,,empresa4
Alude,,,,empresa3
AlugaON,,,,empresa3
Alugalogo,,,,empresas2
Alugamais,,,,empresa3
Aluggar,,,,empresa3
Alugue Certo,,,,empresa3
Aluguel virtual,,,,empresa3
AmFi,,,,empresa3
Anfitriões de Aluguel,,,,empresa4
AoCubo,,,,empresa3
ApolloEX,,,,empresa3
Arqplace - Arquitetura no lugar certo,,,,empresas2
Arquitetos por Hora,,,,empresa4
Ativa energia,,,,empresa4
Avalyst,,,,empresa3
Avendre,,,,empresa3
B2Blue.com - valorizando seu resíduo,,,,empresas2
BCO Leilões,,,,empresa3
BE HONEST,,,,empresa4
BEM BACANA,,,,empresa4
BEYOND,,,,empresa4
BH Vistoria Predial,,,,empresa3
BIGMOB,,,,empresa3
BIMSTART,,,,empresas2
BLUETECH Liquid,,,,empresa4
BOOBAM,,,,empresa4
BORA na OBRA,,,,empresas2
BOUTIQUE LAB,,,,empresa4
BOX OBRAS,,,,empresas2
BRICK UP,,,,empresas2
BRICKER,,,,empresa3
BUSCA TERRA,,,,empresa1
Bank2B,,,,empresa3
Beaver,,,,empresa3
Bel,,,,empresa3
BemVindo - imóveis por temporada,,,,empresa4
Benvo,,,,empresa4
BestSpaces,,,,empresa3
Bid Gram,,,,empresa3
BioBox - Sustainable Houses,,,,empresas2
BobTon - Conectando a Construção do País,,,,empresas2
Bold.Finance,,,,empresa3
BoldHouse,,,,empresa3
Bow-e,,,,empresa4
BrokerHunter,,,,empresa3
Bugaboo Studio,,,,empresa3
Buskaza,,,,empresa3
ByDoor,,,,empresa4
C2S Contact2sale,,,,empresa3
CAPTAL,,,,empresa3
CASA Z,,,,empresa4
CASABRUTA - shopping virtual da construção,,,,empresas2
CASAJEITADA,,,,empresa4
CASAPRONTA - Design e Interiores,,,,empresa4
CASOCA,,,,empresa1
CHECASA,,,,empresa3
CIANOVE,,,,empresas2
CLICK PONTO,,,,empresas2
CLUB&CASA DESIGN,,,,empresa4
COBUILD,,,,empresas2
CONCRETE JÁ,,,,empresas2
CONDLINK,,,,empresa4
CONDOBEM,,,,empresa4
CONDOBOX,,,,empresa4
CONDOCONTA,,,,empresa4
CONDOSTORE,,,,empresa4
CONDSIS,,,,empresa4
CONECTA REFORMA,,,,empresa4
CONSIS,,,,empresa4
CONSTRU CODE,,,,empresas2
CONSTRUCONNECT,,,,empresas2
CONSTRUCT IN,,,,empresas2
CONSTRUP - Construindo soluções,,,,empresas2
CONSTRUP - construindo soluções,,,,empresas2
CONSTRUÇÃO CIVIL - teoria e prática,,,,empresas2
CONTAINER EXPRESS,,,,empresas2
CONTAINER MODULAR,,,,empresas2
CPallet,,,,empresas2
CREDUP - crédito incentivado,,,,empresa3
CSTEEL,,,,empresas2
CUB,,,,empresa1
CUBI energia,,,,empresa4
CV CRM - construtor de vendas,,,,empresa3
Camerite,,,,empresa4
CapRate Investimentos,,,,empresa1
Capital Concreto - incorporação,,,,empresa3
Capt Imóveis,,,,empresa3
Captei,,,,empresa3
Cardeal,,,,empresa3
Carpediem Homes,,,,empresa4
Cartão Solar,,,,empresa4
Casa do Síndico,,,,empresa4
Chavi,,,,empresa4
Ciclefy,,,,empresa4
Civil Control,,,,empresas2
CleanClic,,,,empresa4
ClickGalpões,,,,empresa3
Clinovi - consultórios com serviços,,,,empresa4
Clinspace,,,,empresa4
Clube FII,,,,empresa4
CoBenS,,,,empresa3
Comprar&decorar,,,,empresa4
Comprei,,,,empresa3
CondCred,,,,empresa4
CondoBlue,,,,empresa4
CondoCash,,,,empresa4
CondoMoney,,,,empresa4
Condolivre,,,,empresa4
Condomínio App,,,,empresa4
Condox,,,,empresa4
ConectCon,,,,empresa4
ConnectData,,,,empresas2
ConsLog,,,,empresas2
ConstruMatch!,,,,empresas2
ConstruMoney,,,,empresa1
Construgame,,,,empresas2
Construpoint,,,,empresas2
Consórcio eutbem ;-),,,,empresa3
Conviver - App de condomínios,,,,empresa4
Corbu,,,,empresa4
Corretor Global,,,,empresa3
Crecido,,,,empresa3
CrediCatarina,,,,empresa3
CrediHabitar,,,,empresa3
Criativando - Home Design,,,,empresa4
D1Lance Leilões,,,,empresa3
DATALAND - land powered by data science,,,,empresa1
DECORA CLICK,,,,empresa4
DEDUZ,,,,empresa4
DIRETO.,,,,empresa3
DISPOR Energia,,,,empresa4
DIÀRIO DE OBRAS,,,,empresas2
DOMUS3D - printing the future in concrete,,,,empresas2
DRIKEY,,,,empresa4
DUNA SYSTEM,,,,empresa1
DUNNING - Gestão de Recebíveis,,,,empresa3
DURASA,,,,empresas2
DWV App,,,,empresa3
Datanomik,,,,empresas2
Datlo,,,,empresa3
DeCASA,,,,empresa4
Decorafit,,,,empresa4
Decore Certo,,,,empresa4
Delfos,,,,empresa4
Digit.ai - Solução MAGIT,,,,empresa3
Docking Modules - construindo o futuro,,,,empresas2
DoctorCondo,,,,empresa4
Dommus (tecnologia),,,,empresa3
DronEng - Drones e Engenharia,,,,empresas2
DronePower,,,,empresa4
Dropview,,,,empresa3
DynamoTech - Innovation...always,,,,empresa3
EAP - engenharia de alta performance,,,,empresas2
EASY ALERT,,,,empresas2
EBRICKS,,,,empresas2
ECOTELHASOLAR,,,,empresas2
EEmovel - inteligência imobiliária,,,,empresa3
EGRONN,,,,empresa4
ELEPHANTSKIN,,,,empresa3
ELEVENTEC,,,,empresa4
ENERGY Review,,,,empresa4
ESTAIADA,,,,empresa4
ETHOS VIVET,,,,empresa4
EU NA OBRA .com,,,,empresas2
"EVOP - Orçamento, Planejamento e Gestão de Obras",,,,empresas2
EXPANDIFY - Grow Your Business,,,,empresa3
EXY - empowering people,,,,empresas2
EZVolt,,,,empresa4
EasyCrédito - seu crédito na palma da mão,,,,empresa3
EasyFront,,,,empresa4
Eco Circuito,,,,empresa4
EcoNEXT - the next generation of building,,,,empresas2
Ecosol - condomínio solar,,,,empresa4
Electy,,,,empresa4
Eletricus,,,,empresa4
Energia das Coisas,,,,empresa4
Enerzee,,,,empresa4
Engelink,,,,empresa4
Escala 3D,,,,empresa3
Esphera academy,,,,empresas2
Everflow,,,,empresas2
FACILITAT - desempenho no pós-obra,,,,empresas2
FASTBUILT,,,,empresas2
FCanalise digital,,,,empresa3
FINANZ,,,,empresa3
FLIP,,,,empresa3
FLOPO,,,,empresas2
FLUGDRONES,,,,empresas2
FOHAT,,,,empresa4
FOTOP,,,,empresa3
FYRStudio,,,,empresa3
Facilit'Air - Soluções por Drones,,,,empresas2
Facilita.,,,,empresa3
Fantástiko - marketplace imobiliário,,,,empresa3
FazendaAberta,,,,empresa1
Felí,,,,empresa3
Fiantec - Fiança Locatícia,,,,empresa3
Fiança Rápida,,,,empresa3
Fin.Yellow,,,,empresa4
FireFly,,,,empresa3
First Energy,,,,empresa4
Flix,,,,empresa3
Forinvest,,,,empresa3
Fuel,,,,empresa3
GADUGI Reformas,,,,empresa4
GENIA,,,,empresa3
GENNTE,,,,empresa4
GENYX,,,,empresa4
GEOINOVA,,,,empresas2
GERENCIA OBRAS,,,,empresas2
GERO OBRAS,,,,empresas2
GESCORPGO,,,,empresas2
GESTOP - Gestão Transparente de Obras Públicas,,,,empresas2
GISBASE - geoinformation system,,,,empresa1
GO - GestorObras,,,,empresas2
GREENPLAT - accelerating sustainable production,,,,empresas2
GVB - virtualização de construções,,,,empresa1
Gabriel,,,,empresa4
Gabster,,,,empresa1
Garantii,,,,empresa3
GaussFleet,,,,empresas2
Geomart,,,,empresa1
GoPrestador,,,,empresa4
Green Mining,,,,empresa4
GreenAnt,,,,empresa4
Grupo palavra,,,,empresa3
Gynga,,,,empresa4
HAILA,,,,empresa4
HAUS agência imobiliária,,,,empresa3
HAUSENN+,,,,empresa4
HEIMA SOLUTIONS,,,,empresas2
HELPIE!,,,,empresa4
HIDROMETRIC,,,,empresa4
HOFF ANALYTICS - big data solutions,,,,empresa1
HOMELEND,,,,empresa3
HQBeds,,,,empresa4
HR Digital,,,,empresa4
HSystem,,,,empresa4
HYGGE,,,,empresa1
HYPNOBOX,,,,empresa3
Hashlar - Real Estate Crypto Payment,,,,empresa3
Haus Imobi (imóveis),,,,empresa3
Hidrau conex - materiais hidráulicos,,,,empresas2
Hinc,,,,empresas2
Hitemp - soluções tecnológicas,,,,empresas2
HomeHub - by Judice&Araujo,,,,empresa3
Homeroque,,,,empresa3
Honest Market,,,,empresa4
Housi,,,,empresa4
Housi'o,,,,empresa3
Hub Growth,,,,empresa3
IGOAL - tecnologia,,,,empresa4
IMOBASE,,,,empresa3
IMOTECH - inovação e tecnologia,,,,empresa3
IN BUILT,,,,empresas2
INCHARGE,,,,empresa4
INCO,,,,empresa1
INFRACITIES,,,,empresa1
INMETA software,,,,empresas2
INOVA URBIS,,,,empresa1
INTEC,,,,empresa1
ISMOB,,,,empresa3
ITDOC,,,,empresa3
Imobcoin,,,,empresa1
ImobiBrasil,,,,empresa3
ImóveisPRO,,,,empresa3
ImóvelAPP,,,,empresa3
InHouse market,,,,empresa4
InMediam - Garantia Locatícia,,,,empresa3
Incorp mobile,,,,empresa3
Inovyo - market intelligence,,,,empresa3
Insignia,,,,empresa3
Instituto Ciinco,,,,empresa3
Inteligência Cartorial,,,,empresa3
Intelizap business,,,,empresa3
Investimento Certo,,,,empresa3
Investweb,,,,empresa1
JASMMÍN,,,,empresas2
JUNTOS - energia compartilhada,,,,empresa4
Jobber,,,,empresas2
Jobpass,,,,empresa4
K.BANA,,,,empresas2
KOPER,,,,empresas2
Kenlo,,,,empresa3
Key Place - flexible spaces worldwide,,,,empresa4
KitchenCentral,,,,empresa4
Konstit,,,,empresa3
Kurole,,,,empresa3
LAMBRIS,,,,empresa3
LANDAPP,,,,empresas2
LAR,,,,empresa3
LEVI,,,,empresa3
LEVITAR - drone intelligence,,,,empresas2
LIVAR,,,,empresa3
LIVROata,,,,empresa4
LOCARES - Casa Containers e Projetos Customizados,,,,empresas2
LOG BOXX,,,,empresas2
LORD DRONE - imagens inteligentes,,,,empresas2
Lastro,,,,empresa3
LeadFlow,,,,empresa3
Leadfy,,,,empresa3
Leads4Sales,,,,empresa3
Leadster,,,,empresa3
Leankeep,,,,empresa4
Leeilo,,,,empresa3
Leilão Imóvel,,,,empresa3
Lemon,,,,empresa4
Lend Me,,,,empresa3
Letmein,,,,empresa4
Lightwall,,,,empresas2
LikeHome - Gestão e Hospedagens,,,,empresa4
Linha Direta,,,,empresa4
Livance,,,,empresa4
Livo,,,,empresa4
Lobie,,,,empresa4
LocX,,,,empresa4
Locates,,,,empresa3
LogShare,,,,empresa4
LojadaConstrução,,,,empresas2
Lokkan - A imobiliária digital,,,,empresa3
Loomy,,,,empresa4
LoopKey,,,,empresa4
Loppo,,,,empresa3
Lote Mobile,,,,empresa3
Luggo,,,,empresa4
Lydia - sistemas inteligentes,,,,empresa3
MAHNAI,,,,empresa4
MANU HELP,,,,empresa4
MASSIVA,,,,empresas2
MAYA ENERGY,,,,empresa4
MEU AGRIMENSOR,,,,empresa1
MEURESÍDUO,,,,empresas2
MINIMOD,,,,empresas2
MODHUS - arquitetura modular,,,,empresas2
MODO,,,,empresas2
MODOOLAR - construções inteligentes,,,,empresas2
MODUZ - construção modular,,,,empresas2
MONDI ENERGY,,,,empresa4
MONÍ,,,,empresa1
MORADA,,,,empresa3
MORECO - modular rental company,,,,empresas2
MOSHE 3000,,,,empresas2
MUDEii,,,,empresa3
MUDZ,,,,empresa4
MVV Realidade Virtual,,,,empresa3
MYDOOR,,,,empresa3
Mahauz,,,,empresa3
Malu Market,,,,empresa4
Manu 2b,,,,empresa4
Maply,,,,empresas2
Mapzer,,,,empresa1
Marta - inteligência imobiliária,,,,empresa3
MatchHouse,,,,empresa3
Matched,,,,empresa3
Melvin,,,,empresa4
Mercado Obra,,,,empresas2
Metam,,,,empresa4
MethaEnergia,,,,empresa4
Meu Imóvel,,,,empresa3
Meu metro²,,,,empresa3
MeuMobbi,,,,empresa4
MeuPasseioVirtual,,,,empresa3
MeuVidraceiro,,,,empresa4
MigraSeguros,,,,empresa3
Mila,,,,empresa3
Minha Casa Financiada,,,,empresa3
Minha Coleta,,,,empresa4
Minha Quitandinha,,,,empresa4
Morada (ai),,,,empresa3
Morada dos Sonhos,,,,empresa3
Morar Sênior,,,,empresa4
Moviva (Cosimo),,,,empresa4
MuvRental,,,,empresas2
My360 realidade virtual,,,,empresa3
MySide,,,,empresa3
MyTower,,,,empresa1
Mycon,,,,empresa3
M² Info,,,,empresa3
NAVE,,,,empresas2
NETResíduos,,,,empresas2
NEX Energy,,,,empresa4
NEZTI,,,,empresa4
NIMBUS,,,,empresa1
NUTRICAR,,,,empresa4
NanoCapital,,,,empresa3
Neo - New Estate Only,,,,empresa3
NeoCharge,,,,empresa4
Neural Broker - inteligência artificial imobiliária,,,,empresa3
NewSun,,,,empresa4
Newcore,,,,empresa3
Nivu,,,,empresa3
Nok Nox,,,,empresa4
Notificalead,,,,empresa3
OBA APARTMENTS,,,,empresa4
OBRA 3D,,,,empresas2
OBRA NA MÃO - Gestão da Construção,,,,empresas2
OBRAPLAY,,,,empresas2
OITCHAU,,,,empresas2
ON SAFETY,,,,empresas2
OQ Digital,,,,empresa3
ORÇAQUI,,,,empresas2
OTTO,,,,empresa3
Obra Tá On,,,,empresas2
Obra.ai,,,,empresa1
Obra.lean,,,,empresas2
Ohtel - condomínios inteligentes,,,,empresa4
Omar do Rio,,,,empresa4
OnMesh,,,,empresa4
Onii,,,,empresa4
OptPlacer,,,,empresa3
Orbitare,,,,empresa3
OrçaFascio - software para engenharia,,,,empresas2
PHYGITALL,,,,empresas2
PILAR,,,,empresas2
PINEAPPLES,,,,empresa4
PIX FORCE,,,,empresas2
PLIPPE,,,,empresas2
PLUVI - soluções ambientais inteligentes,,,,empresa4
POLEN,,,,empresas2
POLUS,,,,empresa4
POWER2GO,,,,empresa4
PREDIALIZE,,,,empresas2
PRISMA,,,,empresas2
PROGUEST,,,,empresa4
"PROP - drones, soluções aéreas",,,,empresas2
PROSPECTA - relatório de obras,,,,empresa1
Parceiro da Construção,,,,empresas2
Parcelinha Digital,,,,empresa3
Parkside,,,,empresa4
Percento %,,,,empresa3
Personalar,,,,empresa3
Pilar,,,,empresa3
PlacetoBe,,,,empresa3
Play2sell,,,,empresa3
Plaza,,,,empresa3
Plin condomínios,,,,empresa4
Pontte,,,,empresa3
Portal de Repasse,,,,empresa3
Portdata,,,,empresa3
Preservaland,,,,empresa4
Presto,,,,empresa4
PrevSis,,,,empresa1
Procura Bem,,,,empresa3
Produttivo,,,,empresa4
Proprietário Direto,,,,empresa3
Publimovel,,,,empresa3
QZela,,,,empresa4
Quadra Urbana,,,,empresa4
QualiTab,,,,empresas2
Quasar Tech,,,,empresa4
Quem Contrato,,,,empresas2
Quero meu apê,,,,empresa3
Quick2Sell,,,,empresa3
Quires,,,,empresa3
R3KA,,,,empresa3
RAUZEE,,,,empresa3
RECICLA.CLUB,,,,empresas2
REEX,,,,empresa3
REFITT,,,,empresa3
REMOTY,,,,empresa4
RENDALOMAQ,,,,empresas2
RENOVE EXPRESS,,,,empresa4
RENOVE JÁ,,,,empresa4
ROCK,,,,empresa1
ROOFTOP,,,,empresa3
Rankim,,,,empresa3
Realiza (Realiza TI),,,,empresa4
Recruta-Imob,,,,empresa3
Rede Síndicos,,,,empresa4
Rede de Obras,,,,empresa1
Redraw,,,,empresa4
Refresher,,,,empresa1
Regular Easy - regularizações imobiliárias,,,,empresa1
Renova Green,,,,empresa4
Ret Capital - Real Estate Tech,,,,empresa3
RevoluTI,,,,empresa3
Risknow,,,,empresa3
Rubk,,,,empresas2
SAFEB,,,,empresa4
SANSTONE,,,,empresas2
SCOD BRASIL,,,,empresa4
SHIELDER,,,,empresa4
SIENSU,,,,empresas2
SIGO - ERP,,,,empresas2
SIMO,,,,empresa3
SKYLINE - inovação & produções,,,,empresa3
SMART - imobiliário,,,,empresa3
SMART SKY - Tech Hub,,,,empresas2
SMARTBREAK,,,,empresa4
SOFT42,,,,empresa3
SOLOS,,,,empresa4
SOLSTAR,,,,empresa4
SOND,,,,empresa1
SOS OBRA,,,,empresas2
SPY Leilões,,,,empresa3
SQUAIR,,,,empresa4
STEEL GROUP,,,,empresas2
STEEL MOLD,,,,empresas2
SUB100,,,,empresa3
SUN MOBI,,,,empresa4
SUNRENT,,,,empresa4
SUPERVIZ,,,,empresas2
SUPPLAI,,,,empresa4
Safe2Go,,,,empresa3
SafetyTec,,,,empresas2
Seletto in,,,,empresa4
SeniorOnline,,,,empresa4
Seu Fiador,,,,empresa3
Seu condomínio,,,,empresa4
Share Student Living,,,,empresa4
Si9,,,,empresa3
SiiSmart,,,,empresa4
Siila,,,,empresa3
Silla Spot,,,,empresa3
Simple2u,,,,empresa3
SkambO OBRA,,,,empresas2
Skymoby,,,,empresa3
Smart Imobi,,,,empresa3
SmartSharing,,,,empresa4
SmartSíndico,,,,empresa4
Smartek Life,,,,empresa4
Smartop,,,,empresas2
Smarttcon - condomínios inteligentes,,,,empresa4
Socialis,,,,empresa3
SolarView,,,,empresa4
Solo landbank,,,,empresa1
Sonho=Casa (saia do aluguel),,,,empresa3
Sooper,,,,empresas2
SplitC,,,,empresa3
Star Colors,,,,empresa4
Studio360,,,,empresa3
SuaQuadra,,,,empresa3
Super Anfitrião,,,,empresa4
SupplyMaps - Soluções em compras B2B,,,,empresas2
Supremo - soluções integradas para imobiliárias,,,,empresa3
Symbaros,,,,empresa3
Syncker,,,,empresas2
Síndico Online - Gestão Condominial,,,,empresa4
Só Casa Top,,,,empresa3
T&D Sustentável,,,,empresa4
TABAS by BLUEGROUND,,,,empresa4
TCI,,,,empresas2
TEC4WEB,,,,empresas2
TECNORISE,,,,empresa4
TEGO FRAME,,,,empresas2
TERRA ump DRONES,,,,empresas2
TEZA,,,,empresa3
TKS Cash,,,,empresa3
TRACTIAN,,,,empresa4
TRADENERGY,,,,empresa4
TRINITYSIS,,,,empresa4
TUIM,,,,empresa4
Tag,,,,empresa4
Tecimob,,,,empresa3
Tecza,,,,empresas2
Telhas TELITE,,,,empresas2
Temporada Livre,,,,empresa3
Terravista,,,,empresa1
Terreno Certo - seu hub de negócios,,,,empresa3
Terreno Livre,,,,empresa1
Test Drive do Imóvel,,,,empresa4
Tetris Modular,,,,empresas2
Tikpag,,,,empresa3
TimBau Estruturas,,,,empresas2
Tokeniza,,,,empresa3
Trela,,,,empresa4
Trevizzo,,,,empresa4
Trucadão,,,,empresas2
Trustdata (tech),,,,empresa3
Turn2C,,,,empresa3
Tégula Solar,,,,empresas2
UBlink,,,,empresa3
UNIPOINT – Student Housing,,,,empresa4
UP Consórcios,,,,empresa3
UP Estate,,,,empresa3
USU CAMPEÃO - regularize seu imóvel,,,,empresa1
Uliving – Student Housing,,,,empresa4
Universo dos Containers - projetos residenciais e comerciais,,,,empresas2
VAI LOCAR equipamentos,,,,empresas2
VEJAOBRA,,,,empresas2
VERDEACQUA,,,,empresa4
VERSI,,,,empresa3
VIGHA,,,,empresas2
VILA11,,,,empresa4
VISIA,,,,empresas2
VISItown,,,,empresa3
VIVADecora,,,,empresa4
VIVER my way,,,,empresa4
VOR,,,,empresa3
VOXEPOWER,,,,empresa4
VR one,,,,empresa3
VSIO,,,,empresa3
Verta,,,,empresa3
Vertown - nada se perde,,,,empresas2
Visita Virtual,,,,empresa3
VistoPRED,,,,empresa4
Vivalisto,,,,empresa3
Voa Corretor,,,,empresa3
Você Recicla,,,,empresa4
Volpi,,,,empresa3
VoltBras,,,,empresa4
Vértice PRO,,,,empresa1
Vórtx QR Tokenizadora,,,,empresa3
WEHO,,,,empresa3
WasteBank,,,,empresa4
WeBro pay,,,,empresa3
WeMind Invest,,,,empresa3
WeObra,,,,empresas2
WebQuarto,,,,empresa3
WillFly,,,,empresas2
WiseHome,,,,empresa4
WiseOffices,,,,empresa4
X LAM ENGINEERING,,,,empresas2
XSpaces,,,,empresa3
YUCA,,,,empresa4
Ybizza,,,,empresa4
Ymove,,,,empresa3
YouHome,,,,empresa3
Zletric,,,,empresa4
ZuuZ - Mobilidade Elétrica,,,,empresa4
Zuvia,,,,empresa3
aMORA,,,,empresa3
accessrun,,,,empresa4
acolweb,,,,empresa4
acqua logic,,,,empresa4
aerosim,,,,empresa1
agencie imóveis,,,,empresa3
agendaboa,,,,empresa4
akomod,,,,empresa4
alba - energia solar,,,,empresa4
allie,,,,empresas2
allrea,,,,empresa1
almah,,,,empresa4
alpop,,,,empresa3
alugaê,,,,empresa3
aluguel pago,,,,empresa3
ambisis - software para gestão ambiental,,,,empresas2
amera,,,,empresas2
analize,,,,empresas2
andalafat negócios,,,,empresa3
andaluga - locação de máquinas,,,,empresas2
anyLife,,,,empresa4
ap.controle,,,,empresa4
apepê,,,,empresa4
app assist,,,,empresas2
appOBRA,,,,empresas2
appito,,,,empresa4
appê+,,,,empresa3
apresenta.me,,,,empresa3
apto,,,,empresa3
apê11,,,,empresa3
archie,,,,empresa4
archy.me,,,,empresa4
arco,,,,empresa1
armários inteligentes,,,,empresa4
arqgen,,,,empresa1
arquitetool,,,,empresa4
asksuite,,,,empresa3
atende portaria,,,,empresa4
atendeai,,,,empresa4
aterra,,,,empresas2
aug(in),,,,empresas2
avalion - avaliação e captação de imóveis,,,,empresa3
banib - Tour Virtual para negócios,,,,empresa3
be all bee,,,,empresa4
be my guest,,,,empresa4
beNuvem,,,,empresa4
beenergy,,,,empresa4
belong,,,,empresa4
bem.te.vi seguros,,,,empresa3
beupse,,,,empresa3
bhomy.com,,,,empresa4
bilds.com,,,,empresas2
bitz,,,,empresa4
blisk solutions,,,,empresa3
blow,,,,empresa3
bloxs,,,,empresa1
blue storm studios,,,,empresa3
bluelux,,,,empresa4
bnbguests,,,,empresa4
bolsovirtual,,,,empresa3
bom pra crédito,,,,empresa3
bomconsórcio,,,,empresa3
bomlead.com,,,,empresa3
brisk - your place,,,,empresa4
builtek,,,,empresas2
campeia.,,,,empresa3
capsu,,,,empresas2
captur,,,,empresa3
capys,,,,empresa3
casa e garagem,,,,empresas2
casaprogramada,,,,empresa3
casaway,,,,empresa3
cashgo,,,,empresa3
cedulla,,,,empresa3
celere - consultoria de eficiência da construção,,,,empresas2
charlie,,,,empresa4
chaves na mão,,,,empresa3
cim imob,,,,empresa3
clarke energia,,,,empresa4
clin,,,,empresa4
clina.care,,,,empresa4
cliqueimudei,,,,empresa3
co.urban,,,,empresas2
coliiv,,,,empresa4
communy,,,,empresa4
compagno,,,,empresa3
compre alugue agora,,,,empresa3
comproterreno,,,,empresa1
concede,,,,empresa3
concessus,,,,empresa4
concreto usinado .com.br,,,,empresas2
concretto - o app de quem constrói,,,,empresas2
condfy,,,,empresa4
condofy,,,,empresa4
condomob,,,,empresa4
condopay,,,,empresa4
conexa,,,,empresa4
conexão solar,,,,empresa4
connecteng,,,,empresas2
consorciei,,,,empresa3
constru liga,,,,empresas2
construHUB,,,,empresas2
construct web - gestão eficiente de obras,,,,empresas2
construflow,,,,empresa1
construo - gestão de projetos para obras,,,,empresas2
conviva,,,,empresa4
coordly,,,,empresas2
cosecurity,,,,empresa4
cosmobots,,,,empresa3
cotacasa,,,,empresas2
crawly,,,,empresa1
credaluga,,,,empresa3
crediblue,,,,empresa3
credikasa,,,,empresa3
credimorar,,,,empresa3
cubicset - More for Less,,,,empresas2
cugconsultoria,,,,empresas2
custoEXPRESSO,,,,empresas2
cyclinn,,,,empresa4
cômodo.,,,,empresa4
d.,,,,empresas2
data life - GLOBAL,,,,empresas2
date a home,,,,empresa3
decor em casa,,,,empresa4
decoradornet,,,,empresa4
deepen,,,,empresa3
design here,,,,empresa4
deskbee,,,,empresa4
destinejá,,,,empresas2
dezker,,,,empresa4
dia de obra,,,,empresas2
divid,,,,empresa4
divvy,,,,empresa3
donamaid,,,,empresa4
dooma,,,,empresa4
doorz,,,,empresa3
duotalk,,,,empresa3
dyonaOS,,,,empresa4
eCondos,,,,empresa4
eConfor,,,,empresa4
easy market - honest culture,,,,empresa4
easy supply,,,,empresas2
ebrigada - prevenção de sinistros,,,,empresa4
ecomud - soluções ambientais e pavimentação,,,,empresas2
ecustos,,,,empresas2
edsun,,,,empresa4
eficienergy,,,,empresa4
eletro moove,,,,empresa4
eloverde,,,,empresas2
endelevo - soluções sustentáveis,,,,empresa1
enercycle,,,,empresa4
engplay,,,,empresas2
entendantes (Entenda Antes),,,,empresa4
especifica.,,,,empresa3
esphera - Soluções Ambientais,,,,empresas2
estoque imóvel,,,,empresa3
estoque parado,,,,empresas2
estrelas ARCHI,,,,empresa1
estudeAE,,,,empresas2
euAcerto,,,,empresa3
euconstruindo.com,,,,empresas2
expert,,,,empresas2
ezok.,,,,empresa3
famyle,,,,empresa4
fast4you,,,,empresa4
fechô,,,,empresa3
financiei.,,,,empresa3
findme,,,,empresa4
fisgar,,,,empresa3
flat.com.br,,,,empresa3
flexu houses,,,,empresa3
flora,,,,empresa4
flow leads,,,,empresa3
fobbi,,,,empresas2
gendo,,,,empresa4
gero360,,,,empresa4
giica,,,,empresa1
goFlux,,,,empresa4
granto seguros,,,,empresa3
grazon,,,,empresa3
greenclub,,,,empresa4
greenv,,,,empresa4
grupo eneergia,,,,empresa4
gruporv - redevistorias e redeconfiax,,,,empresa3
gruppi,,,,empresa3
habitissimo,,,,empresas2
hallco,,,,empresas2
harry,,,,empresa3
hauseful,,,,empresa3
havite,,,,empresa3
hent,,,,empresa1
hollox,,,,empresa3
holu,,,,empresa4
home team,,,,empresa4
homebook - smart portaria,,,,empresa4
homer,,,,empresa3
house credi,,,,empresa3
house flipping,,,,empresa3
houseasy,,,,empresa4
hub,,,,empresa4
hup,,,,empresa4
iBUILD - construções inteligentes,,,,empresas2
iBuild,,,,empresas2
iConatus,,,,empresa3
iENG - projetistas especializados,,,,empresa1
iMudou,,,,empresa3
iTeleport,,,,empresa3
igile.com,,,,empresas2
iion - inteligência imobiliária on demand,,,,empresa3
im xr,,,,empresa3
im7,,,,empresa3
immergrun - construções inteligentes,,,,empresas2
immobile - software imobiliário,,,,empresa3
imobbox,,,,empresa3
imobelix,,,,empresa3
imobia - gestão imobiliária de um jeito fácil,,,,empresa3
imobilead,,,,empresa3
imobiliária ajato,,,,empresa3
imobmeet,,,,empresa3
imovago.com.br,,,,empresa3
imoveistock,,,,empresa3
imovelk,,,,empresa3
imovomap - um jeito novo de encontrar seu imóvel,,,,empresa3
imox.ai,,,,empresa3
imóveisjet,,,,empresa3
imóvelp,,,,empresa3
innovv,,,,empresa3
inovahouse,,,,empresas2
instacasa - sua casa num instante,,,,empresa1
invisto,,,,empresa3
isket,,,,empresa1
isobloco - Smart Buildingtech,,,,empresas2
itemize,,,,empresa1
iterCode - tecnologia para engenharia,,,,empresa1
izicasa,,,,empresas2
james tip,,,,empresas2
jetimob,,,,empresa3
junttus,,,,empresa3
kartado,,,,empresas2
kitchenfy,,,,empresa4
klubi,,,,empresa3
kokar,,,,empresa4
la decora,,,,empresa4
ladyge,,,,empresa3
linkages,,,,empresa3
linkana,,,,empresas2
linkpay,,,,empresa3
liqi,,,,empresa3
liveprint!,,,,empresa3
livima,,,,empresa3
livvu,,,,empresa3
locarmais,,,,empresa3
lofteria,,,,empresa4
lumina,,,,empresas2
magikey,,,,empresa4
mais controle,,,,empresas2
makasí,,,,empresas2
manusis4,,,,empresa4
mapfry,,,,empresa3
mappa,,,,empresas2
market wow,,,,empresa4
market4u,,,,empresa4
materiaL agora!,,,,empresas2
me2rentals experience,,,,empresa4
medeage,,,,empresa4
meit,,,,empresa3
melhores diaristas,,,,empresa4
melhortaxa,,,,empresa3
melius - qualidade,,,,empresas2
mell.ro,,,,empresa3
membran-i,,,,empresas2
mentor construção,,,,empresas2
mercadão da obra,,,,empresas2
meu financiamento solar,,,,empresa4
meu tour 360 - realidade virtual,,,,empresa3
minum,,,,empresa4
moben,,,,empresa3
mobg,,,,empresa3
modulife - construção modular,,,,empresas2
monuv,,,,empresa4
mooble.com,,,,empresa1
mora,,,,empresas2
mosquitter,,,,empresa4
movE,,,,empresa4
movimobi,,,,empresa3
movêu,,,,empresa4
mudee,,,,empresa3
mudhra,,,,empresa3
mush,,,,empresas2
mycond,,,,empresa4
myvillage,,,,empresa4
namecheap,,,,empresa4
nanoprice,,,,empresas2
nano¹,,,,empresas2
neohome,,,,empresa3
neoin,,,,empresa3
neowater - eficiência hídrica,,,,empresa4
neowrk.,,,,empresa4
nestoria,,,,empresa3
nethomes,,,,empresa3
netspaces,,,,empresa3
nia - tecnologia para negócios,,,,empresa3
nimble - virtual solutions,,,,empresas2
no cartório.com,,,,empresa1
noah - wood building design,,,,empresas2
nobeehouse,,,,empresa3
nonstop,,,,empresa3
novidá,,,,empresas2
nway pro,,,,empresa4
oak offsite,,,,empresas2
obra prima,,,,empresas2
obra show - delivery da construção,,,,empresas2
obrafit,,,,empresas2
ocalev - inovação em engenharia,,,,empresa1
ocka,,,,empresa3
octágora,,,,empresas2
oikko,,,,empresa4
oka,,,,empresa4
okena,,,,empresas2
ondasegura,,,,empresa3
oppem,,,,empresas2
oppem.,,,,empresas2
ops ganhei,,,,empresa3
organize meu condomínio,,,,empresa4
oruby - o seu portal da construção,,,,empresas2
otto - repare,,,,empresa4
outoo,,,,empresa4
oztra,,,,empresas2
painel de preços da construção,,,,empresas2
parafuzo,,,,empresa4
paypow,,,,empresa4
peggô market,,,,empresa4
piipee,,,,empresa4
pipeimob - sistema de transações imobiliárias,,,,empresa3
piperz,,,,empresa3
podesubir,,,,empresa4
portal acústica,,,,empresas2
portal casas de repouso – facilitando a vida,,,,empresa4
pousadas.top,,,,empresa3
praedium,,,,empresa3
prevision,,,,empresas2
projeto num clique,,,,empresa4
prop. menu,,,,empresa3
propdo,,,,empresa1
proto,,,,empresa3
pxTalk,,,,empresa4
quarto à vista,,,,empresa4
querolar,,,,empresa3
queromorar,,,,empresa4
r uu m,,,,empresa3
rdo,,,,empresas2
recigreen - tecnologia verde,,,,empresas2
redeimcasa,,,,empresa3
refera,,,,empresa4
reguLARiza! Brasil,,,,empresa1
rentbrella,,,,empresa4
resale,,,,empresa3
reserva.blue,,,,empresa3
reverde,,,,empresa4
revi,,,,empresas2
revin.,,,,empresa3
ribus,,,,empresa3
roboticon,,,,empresa3
ruadois,,,,empresa3
safe swap,,,,empresa3
sagatech,,,,empresa4
scae,,,,empresa1
scaza,,,,empresa4
seabra - soluções inteligentes,,,,empresa1
seazone,,,,empresa4
sejabest,,,,empresa3
setvirtual,,,,empresa3
severino app,,,,empresa4
sheephouse,,,,empresa3
skedway,,,,empresa4
smart pods,,,,empresas2
smartBIIM - tecnologia para gestão de obras,,,,empresa1
smartvisit,,,,empresa4
snackin',,,,empresa4
sofá na caixa,,,,empresa4
sohtec,,,,empresa3
solar21,,,,empresa4
soluzi - garantia locatícia,,,,empresa3
solv.,,,,empresa3
solve,,,,empresa3
sonica,,,,empresa3
space hunters,,,,empresa3
spaceflix,,,,empresa4
spacein,,,,empresa4
spotlar,,,,empresa4
sssenior.com,,,,empresa4
stantControle,,,,empresas2
stattus4,,,,empresa4
stays,,,,empresa4
sunlabs,,,,empresa4
sunne,,,,empresa4
sunnyhub,,,,empresa4
syx,,,,empresas2
tAlugado,,,,empresa3
tactu,,,,empresa4
tag2u,,,,empresa4
team move,,,,empresas2
techome,,,,empresas2
teky,,,,empresas2
terraz,,,,empresa3
test house,,,,empresa3
tiny Brasil,,,,empresas2
tinylife,,,,empresas2
tio Giba,,,,empresa3
todall,,,,empresas2
toki,,,,empresas2
trackfy,,,,empresa4
tranpo,,,,empresa4
trashin,,,,empresa4
triider,,,,empresa4
trilote,,,,empresa1
tripmood,,,,empresa4
trix,,,,empresa3
trular,,,,empresa3
truliv,,,,empresa4
trílogo,,,,empresa4
tupi,,,,empresa4
tyr,,,,empresa4
tzs lab,,,,empresa3
u cred,,,,empresa3
uCondo,,,,empresa4
ubuild,,,,empresas2
um/quarto (1/4),,,,empresa3
umbria construção modular,,,,empresas2
upgrade,,,,empresas2
urbIA,,,,empresa1
urbay,,,,empresa3
urbe.me,,,,empresa1
urbit,,,,empresa1
valeti,,,,empresa4
valora,,,,empresa4
vanguardi,,,,empresa1
vendPerto - mini market,,,,empresa4
vendify,,,,empresa4
veromobili,,,,empresa4
vertra,,,,empresa3
verum.digital,,,,empresas2
viajar temporada,,,,empresa3
vila 360,,,,empresa3
vistahub,,,,empresa3
vistora,,,,empresas2
vistoria completa,,,,empresa3
vobi,,,,empresa4
w3lcome,,,,empresa4
wali,,,,empresa4
wconnect,,,,empresa3
we.br,,,,empresa1
web escritórios,,,,empresa3
web industrial,,,,empresa3
wecare,,,,empresa4
wecharge,,,,empresa4
wedoctors,,,,empresa4
welhome,,,,empresa4
weplan,,,,empresa4
where,,,,empresa4
widesys,,,,empresa3
wikeep,,,,empresa1
winker,,,,empresa4
woba,,,,empresa4
wohpag,,,,empresa4
xtay,,,,empresa4
yellot,,,,empresa4
yellotmob,,,,empresa4
yogha.,,,,empresa4
yolo coliving,,,,empresa4
yourside group,,,,empresa3
zatio,,,,empresas2
zero comissão,,,,empresa3
zigoo,,,,empresa3
zimobi,,,,empresa3
zixpay,,,,empresa3
zuk,,,,empresa3
Éleme,,,,empresa4
órulo,,,,empresa3
